name,role,dtype,definition,unit,method,parameters,source,roi_definition,valid_range,missing_policy,available_at_prediction,biomedical_rationale
sample_id,id,str,clave unica: image_id + config_id,,manifiesto o segmentacion,,data/metadata/manifest.csv,,,campo vacio,si,
image_id,id,str,identificador de la imagen fuente,,manifiesto o segmentacion,,data/metadata/manifest.csv,,,campo vacio,si,
subject_id,id,str,unidad independiente; vacio si se desconoce,,manifiesto o segmentacion,,data/metadata/manifest.csv,,,campo vacio,si,
config_id,control,str,estrategia de realce y umbralizacion,,manifiesto o segmentacion,,data/metadata/manifest.csv,,,campo vacio,si,
realce,control,str,componente de realce de la estrategia,,manifiesto o segmentacion,,data/metadata/manifest.csv,,,campo vacio,si,
umbral,control,str,componente de umbralizacion de la estrategia,,manifiesto o segmentacion,,data/metadata/manifest.csv,,,campo vacio,si,
split,control,str,particion asignada,,manifiesto o segmentacion,,data/metadata/manifest.csv,,,campo vacio,si,
dataset_id,control,str,conjunto de procedencia,,manifiesto o segmentacion,,data/metadata/manifest.csv,,,campo vacio,si,
source_sha256,control,str,hash del archivo original,,manifiesto o segmentacion,,data/metadata/manifest.csv,,,campo vacio,si,
lado_trabajo,control,int,lado mayor tras reducir la imagen,,manifiesto o segmentacion,,data/metadata/manifest.csv,,,campo vacio,si,
campo_px,control,int,area del campo irradiado en pixeles,,manifiesto o segmentacion,,data/metadata/manifest.csv,,,campo vacio,si,
mask_px,control,int,area de la mascara obtenida en pixeles,,manifiesto o segmentacion,,data/metadata/manifest.csv,,,campo vacio,si,
n_componentes,control,int,campos pulmonares detectados,,manifiesto o segmentacion,,data/metadata/manifest.csv,,,campo vacio,si,
umbral_usado,control,float,valor del umbral; vacio si es local,,manifiesto o segmentacion,,data/metadata/manifest.csv,,,campo vacio,si,
dice,control,float,solapamiento con la referencia,,manifiesto o segmentacion,,data/metadata/manifest.csv,,,campo vacio,no,
jaccard,control,float,solapamiento alternativo,,manifiesto o segmentacion,,data/metadata/manifest.csv,,,campo vacio,no,
compacidad,predictor,float,4*pi*area/perimetro^2 de la region segmentada,adimensional,features.compacidad; perimetro por diferencia con la erosion,lado_trabajo=512; wavelet=db2; nivel=1,imagen reducida y mascara correspondiente,mascara obtenida,0 a 1.3 sobre mascara discreta,campo vacio si la region es invalida,si,Un campo pulmonar con hallazgos extensos tiende a un contorno mas irregular
ref_compacidad,control,float,"4*pi*area/perimetro^2 de la region segmentada, calculado sobre la mascara de referencia",adimensional,features.compacidad; perimetro por diferencia con la erosion,lado_trabajo=512; wavelet=db2; nivel=1,imagen reducida y mascara correspondiente,mascara de referencia,0 a 1.3 sobre mascara discreta,campo vacio si la region es invalida,no,Un campo pulmonar con hallazgos extensos tiende a un contorno mas irregular
err_compacidad,control,float,error relativo de compacidad frente a su valor de referencia,adimensional,features.compacidad; perimetro por diferencia con la erosion,lado_trabajo=512; wavelet=db2; nivel=1,imagen reducida y mascara correspondiente,ambas mascaras,0 a 1.3 sobre mascara discreta,campo vacio si la region es invalida,no,Un campo pulmonar con hallazgos extensos tiende a un contorno mas irregular
relacion_aspecto,predictor,float,alto/ancho de la caja envolvente de la region,adimensional,features.relacion_aspecto,lado_trabajo=512; wavelet=db2; nivel=1,imagen reducida y mascara correspondiente,mascara obtenida,0.3 a 3,campo vacio si la region es invalida,si,La proporcion del campo pulmonar varia con la edad y con la inspiracion
ref_relacion_aspecto,control,float,"alto/ancho de la caja envolvente de la region, calculado sobre la mascara de referencia",adimensional,features.relacion_aspecto,lado_trabajo=512; wavelet=db2; nivel=1,imagen reducida y mascara correspondiente,mascara de referencia,0.3 a 3,campo vacio si la region es invalida,no,La proporcion del campo pulmonar varia con la edad y con la inspiracion
err_relacion_aspecto,control,float,error relativo de relacion_aspecto frente a su valor de referencia,adimensional,features.relacion_aspecto,lado_trabajo=512; wavelet=db2; nivel=1,imagen reducida y mascara correspondiente,ambas mascaras,0.3 a 3,campo vacio si la region es invalida,no,La proporcion del campo pulmonar varia con la edad y con la inspiracion
fraccion_area,predictor,float,area pulmonar dividida por el area del campo irradiado,adimensional,features.fraccion_area; denominador = mascara de campo irradiado,lado_trabajo=512; wavelet=db2; nivel=1,imagen reducida y mascara correspondiente,mascara obtenida,0 a 1,campo vacio si la region es invalida,si,El volumen pulmonar aireado se reduce con la consolidacion
ref_fraccion_area,control,float,"area pulmonar dividida por el area del campo irradiado, calculado sobre la mascara de referencia",adimensional,features.fraccion_area; denominador = mascara de campo irradiado,lado_trabajo=512; wavelet=db2; nivel=1,imagen reducida y mascara correspondiente,mascara de referencia,0 a 1,campo vacio si la region es invalida,no,El volumen pulmonar aireado se reduce con la consolidacion
err_fraccion_area,control,float,error relativo de fraccion_area frente a su valor de referencia,adimensional,features.fraccion_area; denominador = mascara de campo irradiado,lado_trabajo=512; wavelet=db2; nivel=1,imagen reducida y mascara correspondiente,ambas mascaras,0 a 1,campo vacio si la region es invalida,no,El volumen pulmonar aireado se reduce con la consolidacion
simetria_izq_der,predictor,float,|area_izq - area_der| / (area_izq + area_der),adimensional,features.simetria_izq_der,lado_trabajo=512; wavelet=db2; nivel=1,imagen reducida y mascara correspondiente,mascara obtenida,0 a 1,campo vacio si la region es invalida,si,La afectacion unilateral produce asimetria entre campos
ref_simetria_izq_der,control,float,"|area_izq - area_der| / (area_izq + area_der), calculado sobre la mascara de referencia",adimensional,features.simetria_izq_der,lado_trabajo=512; wavelet=db2; nivel=1,imagen reducida y mascara correspondiente,mascara de referencia,0 a 1,campo vacio si la region es invalida,no,La afectacion unilateral produce asimetria entre campos
err_simetria_izq_der,control,float,error relativo de simetria_izq_der frente a su valor de referencia,adimensional,features.simetria_izq_der,lado_trabajo=512; wavelet=db2; nivel=1,imagen reducida y mascara correspondiente,ambas mascaras,0 a 1,campo vacio si la region es invalida,no,La afectacion unilateral produce asimetria entre campos
energia_wavelet_d1,predictor,float,energia media de los coeficientes de detalle de nivel 1 en la region,adimensional,"features.energia_wavelet; wavelet db2, nivel 1",lado_trabajo=512; wavelet=db2; nivel=1,imagen reducida y mascara correspondiente,mascara obtenida,0 a 1,campo vacio si la region es invalida,si,La textura del parenquima cambia con la presencia de infiltrados
ref_energia_wavelet_d1,control,float,"energia media de los coeficientes de detalle de nivel 1 en la region, calculado sobre la mascara de referencia",adimensional,"features.energia_wavelet; wavelet db2, nivel 1",lado_trabajo=512; wavelet=db2; nivel=1,imagen reducida y mascara correspondiente,mascara de referencia,0 a 1,campo vacio si la region es invalida,no,La textura del parenquima cambia con la presencia de infiltrados
err_energia_wavelet_d1,control,float,error relativo de energia_wavelet_d1 frente a su valor de referencia,adimensional,"features.energia_wavelet; wavelet db2, nivel 1",lado_trabajo=512; wavelet=db2; nivel=1,imagen reducida y mascara correspondiente,ambas mascaras,0 a 1,campo vacio si la region es invalida,no,La textura del parenquima cambia con la presencia de infiltrados
target,objetivo,int,"0 sin hallazgos, 1 con manifestaciones",,manifiesto o segmentacion,,data/metadata/manifest.csv,,,campo vacio,no,
edad,control,int,edad en anos declarada en la lectura,,manifiesto o segmentacion,,data/metadata/manifest.csv,,,campo vacio,si,
sexo,control,str,sexo declarado en la lectura,,manifiesto o segmentacion,,data/metadata/manifest.csv,,,campo vacio,si,
quality_status,control,str,aceptada o revisar,,manifiesto o segmentacion,,data/metadata/manifest.csv,,,campo vacio,si,
eligible_for_model,control,int,1 si aceptada y con dos campos,,manifiesto o segmentacion,,data/metadata/manifest.csv,,,campo vacio,si,
