image_id,subject_id,grupo_id,estrato,split
CHNCXR_0001_0,,IMG::CHNCXR_0001_0,SH_0,test
CHNCXR_0002_0,,IMG::CHNCXR_0002_0,SH_0,test
CHNCXR_0003_0,,IMG::CHNCXR_0003_0,SH_0,train
CHNCXR_0004_0,,IMG::CHNCXR_0004_0,SH_0,validation
CHNCXR_0005_0,,IMG::CHNCXR_0005_0,SH_0,test
CHNCXR_0006_0,,IMG::CHNCXR_0006_0,SH_0,train
CHNCXR_0007_0,,IMG::CHNCXR_0007_0,SH_0,train
CHNCXR_0008_0,,IMG::CHNCXR_0008_0,SH_0,train
CHNCXR_0009_0,,IMG::CHNCXR_0009_0,SH_0,train
CHNCXR_0010_0,,IMG::CHNCXR_0010_0,SH_0,train
CHNCXR_0011_0,,IMG::CHNCXR_0011_0,SH_0,train
CHNCXR_0012_0,,IMG::CHNCXR_0012_0,SH_0,train
CHNCXR_0013_0,,IMG::CHNCXR_0013_0,SH_0,train
CHNCXR_0014_0,,IMG::CHNCXR_0014_0,SH_0,train
CHNCXR_0015_0,,IMG::CHNCXR_0015_0,SH_0,test
CHNCXR_0016_0,,IMG::CHNCXR_0016_0,SH_0,train
CHNCXR_0017_0,,IMG::CHNCXR_0017_0,SH_0,train
CHNCXR_0018_0,,IMG::CHNCXR_0018_0,SH_0,train
CHNCXR_0019_0,,IMG::CHNCXR_0019_0,SH_0,train
CHNCXR_0020_0,,IMG::CHNCXR_0020_0,SH_0,test
CHNCXR_0021_0,,IMG::CHNCXR_0021_0,SH_0,train
CHNCXR_0022_0,,IMG::CHNCXR_0022_0,SH_0,train
CHNCXR_0023_0,,IMG::CHNCXR_0023_0,SH_0,validation
CHNCXR_0024_0,,IMG::CHNCXR_0024_0,SH_0,train
CHNCXR_0025_0,,IMG::CHNCXR_0025_0,SH_0,train
CHNCXR_0026_0,,IMG::CHNCXR_0026_0,SH_0,train
CHNCXR_0027_0,,IMG::CHNCXR_0027_0,SH_0,train
CHNCXR_0028_0,,IMG::CHNCXR_0028_0,SH_0,train
CHNCXR_0029_0,,IMG::CHNCXR_0029_0,SH_0,train
CHNCXR_0030_0,,IMG::CHNCXR_0030_0,SH_0,train
CHNCXR_0031_0,,IMG::CHNCXR_0031_0,SH_0,validation
CHNCXR_0032_0,,IMG::CHNCXR_0032_0,SH_0,train
CHNCXR_0033_0,,IMG::CHNCXR_0033_0,SH_0,validation
CHNCXR_0034_0,,IMG::CHNCXR_0034_0,SH_0,train
CHNCXR_0035_0,,IMG::CHNCXR_0035_0,SH_0,train
CHNCXR_0036_0,,IMG::CHNCXR_0036_0,SH_0,train
CHNCXR_0037_0,,IMG::CHNCXR_0037_0,SH_0,train
CHNCXR_0038_0,,IMG::CHNCXR_0038_0,SH_0,train
CHNCXR_0039_0,,IMG::CHNCXR_0039_0,SH_0,train
CHNCXR_0040_0,,IMG::CHNCXR_0040_0,SH_0,train
CHNCXR_0041_0,,IMG::CHNCXR_0041_0,SH_0,train
CHNCXR_0042_0,,IMG::CHNCXR_0042_0,SH_0,train
CHNCXR_0043_0,,IMG::CHNCXR_0043_0,SH_0,validation
CHNCXR_0044_0,,IMG::CHNCXR_0044_0,SH_0,train
CHNCXR_0045_0,,IMG::CHNCXR_0045_0,SH_0,test
CHNCXR_0046_0,,IMG::CHNCXR_0046_0,SH_0,train
CHNCXR_0047_0,,IMG::CHNCXR_0047_0,SH_0,train
CHNCXR_0048_0,,IMG::CHNCXR_0048_0,SH_0,test
CHNCXR_0049_0,,IMG::CHNCXR_0049_0,SH_0,train
CHNCXR_0050_0,,IMG::CHNCXR_0050_0,SH_0,train
CHNCXR_0051_0,,IMG::CHNCXR_0051_0,SH_0,test
CHNCXR_0052_0,,IMG::CHNCXR_0052_0,SH_0,train
CHNCXR_0053_0,,IMG::CHNCXR_0053_0,SH_0,train
CHNCXR_0054_0,,IMG::CHNCXR_0054_0,SH_0,train
CHNCXR_0055_0,,IMG::CHNCXR_0055_0,SH_0,train
CHNCXR_0056_0,,IMG::CHNCXR_0056_0,SH_0,train
CHNCXR_0057_0,,IMG::CHNCXR_0057_0,SH_0,test
CHNCXR_0058_0,,IMG::CHNCXR_0058_0,SH_0,train
CHNCXR_0059_0,,IMG::CHNCXR_0059_0,SH_0,validation
CHNCXR_0060_0,,IMG::CHNCXR_0060_0,SH_0,train
CHNCXR_0061_0,,IMG::CHNCXR_0061_0,SH_0,train
CHNCXR_0062_0,,IMG::CHNCXR_0062_0,SH_0,validation
CHNCXR_0063_0,,IMG::CHNCXR_0063_0,SH_0,validation
CHNCXR_0064_0,,IMG::CHNCXR_0064_0,SH_0,train
CHNCXR_0065_0,,IMG::CHNCXR_0065_0,SH_0,validation
CHNCXR_0066_0,,IMG::CHNCXR_0066_0,SH_0,test
CHNCXR_0067_0,,IMG::CHNCXR_0067_0,SH_0,validation
CHNCXR_0068_0,,IMG::CHNCXR_0068_0,SH_0,train
CHNCXR_0069_0,,IMG::CHNCXR_0069_0,SH_0,train
CHNCXR_0070_0,,IMG::CHNCXR_0070_0,SH_0,train
CHNCXR_0071_0,,IMG::CHNCXR_0071_0,SH_0,train
CHNCXR_0072_0,,IMG::CHNCXR_0072_0,SH_0,train
CHNCXR_0073_0,,IMG::CHNCXR_0073_0,SH_0,validation
CHNCXR_0074_0,,IMG::CHNCXR_0074_0,SH_0,validation
CHNCXR_0075_0,,IMG::CHNCXR_0075_0,SH_0,train
CHNCXR_0076_0,,IMG::CHNCXR_0076_0,SH_0,train
CHNCXR_0077_0,,IMG::CHNCXR_0077_0,SH_0,train
CHNCXR_0078_0,,IMG::CHNCXR_0078_0,SH_0,validation
CHNCXR_0079_0,,IMG::CHNCXR_0079_0,SH_0,train
CHNCXR_0080_0,,IMG::CHNCXR_0080_0,SH_0,train
CHNCXR_0081_0,,IMG::CHNCXR_0081_0,SH_0,test
CHNCXR_0082_0,,IMG::CHNCXR_0082_0,SH_0,test
CHNCXR_0083_0,,IMG::CHNCXR_0083_0,SH_0,train
CHNCXR_0084_0,,IMG::CHNCXR_0084_0,SH_0,test
CHNCXR_0085_0,,IMG::CHNCXR_0085_0,SH_0,train
CHNCXR_0086_0,,IMG::CHNCXR_0086_0,SH_0,train
CHNCXR_0087_0,,IMG::CHNCXR_0087_0,SH_0,validation
CHNCXR_0088_0,,IMG::CHNCXR_0088_0,SH_0,train
CHNCXR_0089_0,,IMG::CHNCXR_0089_0,SH_0,train
CHNCXR_0090_0,,IMG::CHNCXR_0090_0,SH_0,train
CHNCXR_0091_0,,IMG::CHNCXR_0091_0,SH_0,train
CHNCXR_0092_0,,IMG::CHNCXR_0092_0,SH_0,validation
CHNCXR_0093_0,,IMG::CHNCXR_0093_0,SH_0,train
CHNCXR_0094_0,,IMG::CHNCXR_0094_0,SH_0,train
CHNCXR_0095_0,,IMG::CHNCXR_0095_0,SH_0,test
CHNCXR_0096_0,,IMG::CHNCXR_0096_0,SH_0,train
CHNCXR_0097_0,,IMG::CHNCXR_0097_0,SH_0,train
CHNCXR_0098_0,,IMG::CHNCXR_0098_0,SH_0,validation
CHNCXR_0099_0,,IMG::CHNCXR_0099_0,SH_0,train
CHNCXR_0100_0,,IMG::CHNCXR_0100_0,SH_0,test
CHNCXR_0101_0,,IMG::CHNCXR_0101_0,SH_0,test
CHNCXR_0102_0,,IMG::CHNCXR_0102_0,SH_0,train
CHNCXR_0103_0,,IMG::CHNCXR_0103_0,SH_0,test
CHNCXR_0104_0,,IMG::CHNCXR_0104_0,SH_0,test
CHNCXR_0105_0,,IMG::CHNCXR_0105_0,SH_0,train
CHNCXR_0106_0,,IMG::CHNCXR_0106_0,SH_0,train
CHNCXR_0107_0,,IMG::CHNCXR_0107_0,SH_0,train
CHNCXR_0108_0,,IMG::CHNCXR_0108_0,SH_0,train
CHNCXR_0109_0,,IMG::CHNCXR_0109_0,SH_0,test
CHNCXR_0110_0,,IMG::CHNCXR_0110_0,SH_0,train
CHNCXR_0111_0,,IMG::CHNCXR_0111_0,SH_0,train
CHNCXR_0112_0,,IMG::CHNCXR_0112_0,SH_0,train
CHNCXR_0113_0,,IMG::CHNCXR_0113_0,SH_0,validation
CHNCXR_0114_0,,IMG::CHNCXR_0114_0,SH_0,train
CHNCXR_0115_0,,IMG::CHNCXR_0115_0,SH_0,test
CHNCXR_0116_0,,IMG::CHNCXR_0116_0,SH_0,train
CHNCXR_0117_0,,IMG::CHNCXR_0117_0,SH_0,validation
CHNCXR_0118_0,,IMG::CHNCXR_0118_0,SH_0,train
CHNCXR_0119_0,,IMG::CHNCXR_0119_0,SH_0,train
CHNCXR_0120_0,,IMG::CHNCXR_0120_0,SH_0,test
CHNCXR_0121_0,,IMG::CHNCXR_0121_0,SH_0,train
CHNCXR_0122_0,,IMG::CHNCXR_0122_0,SH_0,validation
CHNCXR_0123_0,,IMG::CHNCXR_0123_0,SH_0,train
CHNCXR_0124_0,,IMG::CHNCXR_0124_0,SH_0,test
CHNCXR_0125_0,,IMG::CHNCXR_0125_0,SH_0,validation
CHNCXR_0126_0,,IMG::CHNCXR_0126_0,SH_0,train
CHNCXR_0127_0,,IMG::CHNCXR_0127_0,SH_0,train
CHNCXR_0128_0,,IMG::CHNCXR_0128_0,SH_0,train
CHNCXR_0129_0,,IMG::CHNCXR_0129_0,SH_0,train
CHNCXR_0130_0,,IMG::CHNCXR_0130_0,SH_0,train
CHNCXR_0131_0,,IMG::CHNCXR_0131_0,SH_0,train
CHNCXR_0132_0,,IMG::CHNCXR_0132_0,SH_0,train
CHNCXR_0133_0,,IMG::CHNCXR_0133_0,SH_0,train
CHNCXR_0134_0,,IMG::CHNCXR_0134_0,SH_0,train
CHNCXR_0135_0,,IMG::CHNCXR_0135_0,SH_0,train
CHNCXR_0136_0,,IMG::CHNCXR_0136_0,SH_0,train
CHNCXR_0137_0,,IMG::CHNCXR_0137_0,SH_0,train
CHNCXR_0138_0,,IMG::CHNCXR_0138_0,SH_0,test
CHNCXR_0139_0,,IMG::CHNCXR_0139_0,SH_0,train
CHNCXR_0140_0,,IMG::CHNCXR_0140_0,SH_0,train
CHNCXR_0141_0,,IMG::CHNCXR_0141_0,SH_0,train
CHNCXR_0142_0,,IMG::CHNCXR_0142_0,SH_0,test
CHNCXR_0143_0,,IMG::CHNCXR_0143_0,SH_0,train
CHNCXR_0144_0,,IMG::CHNCXR_0144_0,SH_0,train
CHNCXR_0145_0,,IMG::CHNCXR_0145_0,SH_0,validation
CHNCXR_0146_0,,IMG::CHNCXR_0146_0,SH_0,train
CHNCXR_0147_0,,IMG::CHNCXR_0147_0,SH_0,train
CHNCXR_0148_0,,IMG::CHNCXR_0148_0,SH_0,train
CHNCXR_0149_0,,IMG::CHNCXR_0149_0,SH_0,train
CHNCXR_0150_0,,IMG::CHNCXR_0150_0,SH_0,train
CHNCXR_0151_0,,IMG::CHNCXR_0151_0,SH_0,test
CHNCXR_0152_0,,IMG::CHNCXR_0152_0,SH_0,train
CHNCXR_0153_0,,IMG::CHNCXR_0153_0,SH_0,train
CHNCXR_0154_0,,IMG::CHNCXR_0154_0,SH_0,test
CHNCXR_0155_0,,IMG::CHNCXR_0155_0,SH_0,validation
CHNCXR_0156_0,,IMG::CHNCXR_0156_0,SH_0,train
CHNCXR_0157_0,,IMG::CHNCXR_0157_0,SH_0,train
CHNCXR_0158_0,,IMG::CHNCXR_0158_0,SH_0,validation
CHNCXR_0159_0,,IMG::CHNCXR_0159_0,SH_0,train
CHNCXR_0160_0,,IMG::CHNCXR_0160_0,SH_0,test
CHNCXR_0161_0,,IMG::CHNCXR_0161_0,SH_0,train
CHNCXR_0162_0,,IMG::CHNCXR_0162_0,SH_0,train
CHNCXR_0163_0,,IMG::CHNCXR_0163_0,SH_0,validation
CHNCXR_0164_0,,IMG::CHNCXR_0164_0,SH_0,train
CHNCXR_0165_0,,IMG::CHNCXR_0165_0,SH_0,test
CHNCXR_0166_0,,IMG::CHNCXR_0166_0,SH_0,test
CHNCXR_0167_0,,IMG::CHNCXR_0167_0,SH_0,train
CHNCXR_0168_0,,IMG::CHNCXR_0168_0,SH_0,train
CHNCXR_0169_0,,IMG::CHNCXR_0169_0,SH_0,validation
CHNCXR_0170_0,,IMG::CHNCXR_0170_0,SH_0,train
CHNCXR_0171_0,,IMG::CHNCXR_0171_0,SH_0,train
CHNCXR_0172_0,,IMG::CHNCXR_0172_0,SH_0,train
CHNCXR_0173_0,,IMG::CHNCXR_0173_0,SH_0,validation
CHNCXR_0174_0,,IMG::CHNCXR_0174_0,SH_0,test
CHNCXR_0175_0,,IMG::CHNCXR_0175_0,SH_0,train
CHNCXR_0176_0,,IMG::CHNCXR_0176_0,SH_0,train
CHNCXR_0177_0,,IMG::CHNCXR_0177_0,SH_0,train
CHNCXR_0178_0,,IMG::CHNCXR_0178_0,SH_0,train
CHNCXR_0179_0,,IMG::CHNCXR_0179_0,SH_0,train
CHNCXR_0180_0,,IMG::CHNCXR_0180_0,SH_0,train
CHNCXR_0181_0,,IMG::CHNCXR_0181_0,SH_0,train
CHNCXR_0182_0,,IMG::CHNCXR_0182_0,SH_0,train
CHNCXR_0183_0,,IMG::CHNCXR_0183_0,SH_0,train
CHNCXR_0184_0,,IMG::CHNCXR_0184_0,SH_0,train
CHNCXR_0185_0,,IMG::CHNCXR_0185_0,SH_0,train
CHNCXR_0186_0,,IMG::CHNCXR_0186_0,SH_0,train
CHNCXR_0187_0,,IMG::CHNCXR_0187_0,SH_0,train
CHNCXR_0188_0,,IMG::CHNCXR_0188_0,SH_0,test
CHNCXR_0189_0,,IMG::CHNCXR_0189_0,SH_0,train
CHNCXR_0190_0,,IMG::CHNCXR_0190_0,SH_0,train
CHNCXR_0191_0,,IMG::CHNCXR_0191_0,SH_0,test
CHNCXR_0192_0,,IMG::CHNCXR_0192_0,SH_0,train
CHNCXR_0193_0,,IMG::CHNCXR_0193_0,SH_0,train
CHNCXR_0194_0,,IMG::CHNCXR_0194_0,SH_0,train
CHNCXR_0195_0,,IMG::CHNCXR_0195_0,SH_0,train
CHNCXR_0196_0,,IMG::CHNCXR_0196_0,SH_0,train
CHNCXR_0197_0,,IMG::CHNCXR_0197_0,SH_0,train
CHNCXR_0198_0,,IMG::CHNCXR_0198_0,SH_0,train
CHNCXR_0199_0,,IMG::CHNCXR_0199_0,SH_0,train
CHNCXR_0200_0,,IMG::CHNCXR_0200_0,SH_0,train
CHNCXR_0201_0,,IMG::CHNCXR_0201_0,SH_0,test
CHNCXR_0202_0,,IMG::CHNCXR_0202_0,SH_0,train
CHNCXR_0203_0,,IMG::CHNCXR_0203_0,SH_0,train
CHNCXR_0204_0,,IMG::CHNCXR_0204_0,SH_0,train
CHNCXR_0205_0,,IMG::CHNCXR_0205_0,SH_0,test
CHNCXR_0206_0,,IMG::CHNCXR_0206_0,SH_0,train
CHNCXR_0207_0,,IMG::CHNCXR_0207_0,SH_0,test
CHNCXR_0208_0,,IMG::CHNCXR_0208_0,SH_0,train
CHNCXR_0209_0,,IMG::CHNCXR_0209_0,SH_0,validation
CHNCXR_0210_0,,IMG::CHNCXR_0210_0,SH_0,train
CHNCXR_0211_0,,IMG::CHNCXR_0211_0,SH_0,train
CHNCXR_0212_0,,IMG::CHNCXR_0212_0,SH_0,validation
CHNCXR_0213_0,,IMG::CHNCXR_0213_0,SH_0,train
CHNCXR_0214_0,,IMG::CHNCXR_0214_0,SH_0,train
CHNCXR_0215_0,,IMG::CHNCXR_0215_0,SH_0,train
CHNCXR_0216_0,,IMG::CHNCXR_0216_0,SH_0,train
CHNCXR_0217_0,,IMG::CHNCXR_0217_0,SH_0,train
CHNCXR_0218_0,,IMG::CHNCXR_0218_0,SH_0,train
CHNCXR_0219_0,,IMG::CHNCXR_0219_0,SH_0,train
CHNCXR_0220_0,,IMG::CHNCXR_0220_0,SH_0,train
CHNCXR_0221_0,,IMG::CHNCXR_0221_0,SH_0,train
CHNCXR_0222_0,,IMG::CHNCXR_0222_0,SH_0,test
CHNCXR_0223_0,,IMG::CHNCXR_0223_0,SH_0,train
CHNCXR_0224_0,,IMG::CHNCXR_0224_0,SH_0,validation
CHNCXR_0225_0,,IMG::CHNCXR_0225_0,SH_0,train
CHNCXR_0226_0,,IMG::CHNCXR_0226_0,SH_0,validation
CHNCXR_0227_0,,IMG::CHNCXR_0227_0,SH_0,train
CHNCXR_0228_0,,IMG::CHNCXR_0228_0,SH_0,test
CHNCXR_0229_0,,IMG::CHNCXR_0229_0,SH_0,train
CHNCXR_0230_0,,IMG::CHNCXR_0230_0,SH_0,validation
CHNCXR_0231_0,,IMG::CHNCXR_0231_0,SH_0,train
CHNCXR_0232_0,,IMG::CHNCXR_0232_0,SH_0,test
CHNCXR_0233_0,,IMG::CHNCXR_0233_0,SH_0,validation
CHNCXR_0234_0,,IMG::CHNCXR_0234_0,SH_0,test
CHNCXR_0235_0,,IMG::CHNCXR_0235_0,SH_0,train
CHNCXR_0236_0,,IMG::CHNCXR_0236_0,SH_0,validation
CHNCXR_0237_0,,IMG::CHNCXR_0237_0,SH_0,test
CHNCXR_0238_0,,IMG::CHNCXR_0238_0,SH_0,train
CHNCXR_0239_0,,IMG::CHNCXR_0239_0,SH_0,train
CHNCXR_0240_0,,IMG::CHNCXR_0240_0,SH_0,train
CHNCXR_0241_0,,IMG::CHNCXR_0241_0,SH_0,train
CHNCXR_0242_0,,IMG::CHNCXR_0242_0,SH_0,test
CHNCXR_0243_0,,IMG::CHNCXR_0243_0,SH_0,train
CHNCXR_0244_0,,IMG::CHNCXR_0244_0,SH_0,train
CHNCXR_0245_0,,IMG::CHNCXR_0245_0,SH_0,train
CHNCXR_0246_0,,IMG::CHNCXR_0246_0,SH_0,validation
CHNCXR_0247_0,,IMG::CHNCXR_0247_0,SH_0,train
CHNCXR_0248_0,,IMG::CHNCXR_0248_0,SH_0,test
CHNCXR_0249_0,,IMG::CHNCXR_0249_0,SH_0,train
CHNCXR_0250_0,,IMG::CHNCXR_0250_0,SH_0,train
CHNCXR_0251_0,,IMG::CHNCXR_0251_0,SH_0,test
CHNCXR_0252_0,,IMG::CHNCXR_0252_0,SH_0,train
CHNCXR_0253_0,,IMG::CHNCXR_0253_0,SH_0,train
CHNCXR_0254_0,,IMG::CHNCXR_0254_0,SH_0,test
CHNCXR_0255_0,,IMG::CHNCXR_0255_0,SH_0,train
CHNCXR_0256_0,,IMG::CHNCXR_0256_0,SH_0,train
CHNCXR_0257_0,,IMG::CHNCXR_0257_0,SH_0,train
CHNCXR_0258_0,,IMG::CHNCXR_0258_0,SH_0,train
CHNCXR_0259_0,,IMG::CHNCXR_0259_0,SH_0,train
CHNCXR_0260_0,,IMG::CHNCXR_0260_0,SH_0,validation
CHNCXR_0261_0,,IMG::CHNCXR_0261_0,SH_0,train
CHNCXR_0262_0,,IMG::CHNCXR_0262_0,SH_0,train
CHNCXR_0263_0,,IMG::CHNCXR_0263_0,SH_0,train
CHNCXR_0264_0,,IMG::CHNCXR_0264_0,SH_0,train
CHNCXR_0265_0,,IMG::CHNCXR_0265_0,SH_0,train
CHNCXR_0266_0,,IMG::CHNCXR_0266_0,SH_0,validation
CHNCXR_0267_0,,IMG::CHNCXR_0267_0,SH_0,train
CHNCXR_0268_0,,IMG::CHNCXR_0268_0,SH_0,train
CHNCXR_0269_0,,IMG::CHNCXR_0269_0,SH_0,test
CHNCXR_0270_0,,IMG::CHNCXR_0270_0,SH_0,train
CHNCXR_0271_0,,IMG::CHNCXR_0271_0,SH_0,train
CHNCXR_0272_0,,IMG::CHNCXR_0272_0,SH_0,train
CHNCXR_0273_0,,IMG::CHNCXR_0273_0,SH_0,train
CHNCXR_0274_0,,IMG::CHNCXR_0274_0,SH_0,train
CHNCXR_0275_0,,IMG::CHNCXR_0275_0,SH_0,test
CHNCXR_0276_0,,IMG::CHNCXR_0276_0,SH_0,train
CHNCXR_0277_0,,IMG::CHNCXR_0277_0,SH_0,train
CHNCXR_0278_0,,IMG::CHNCXR_0278_0,SH_0,train
CHNCXR_0279_0,,IMG::CHNCXR_0279_0,SH_0,train
CHNCXR_0280_0,,IMG::CHNCXR_0280_0,SH_0,train
CHNCXR_0281_0,,IMG::CHNCXR_0281_0,SH_0,train
CHNCXR_0282_0,,IMG::CHNCXR_0282_0,SH_0,train
CHNCXR_0283_0,,IMG::CHNCXR_0283_0,SH_0,train
CHNCXR_0284_0,,IMG::CHNCXR_0284_0,SH_0,train
CHNCXR_0285_0,,IMG::CHNCXR_0285_0,SH_0,validation
CHNCXR_0286_0,,IMG::CHNCXR_0286_0,SH_0,validation
CHNCXR_0287_0,,IMG::CHNCXR_0287_0,SH_0,train
CHNCXR_0288_0,,IMG::CHNCXR_0288_0,SH_0,train
CHNCXR_0289_0,,IMG::CHNCXR_0289_0,SH_0,train
CHNCXR_0290_0,,IMG::CHNCXR_0290_0,SH_0,validation
CHNCXR_0291_0,,IMG::CHNCXR_0291_0,SH_0,train
CHNCXR_0292_0,,IMG::CHNCXR_0292_0,SH_0,train
CHNCXR_0293_0,,IMG::CHNCXR_0293_0,SH_0,train
CHNCXR_0294_0,,IMG::CHNCXR_0294_0,SH_0,train
CHNCXR_0295_0,,IMG::CHNCXR_0295_0,SH_0,test
CHNCXR_0296_0,,IMG::CHNCXR_0296_0,SH_0,train
CHNCXR_0297_0,,IMG::CHNCXR_0297_0,SH_0,validation
CHNCXR_0298_0,,IMG::CHNCXR_0298_0,SH_0,validation
CHNCXR_0299_0,,IMG::CHNCXR_0299_0,SH_0,validation
CHNCXR_0300_0,,IMG::CHNCXR_0300_0,SH_0,train
CHNCXR_0301_0,,IMG::CHNCXR_0301_0,SH_0,train
CHNCXR_0302_0,,IMG::CHNCXR_0302_0,SH_0,test
CHNCXR_0303_0,,IMG::CHNCXR_0303_0,SH_0,validation
CHNCXR_0304_0,,IMG::CHNCXR_0304_0,SH_0,train
CHNCXR_0305_0,,IMG::CHNCXR_0305_0,SH_0,train
CHNCXR_0306_0,,IMG::CHNCXR_0306_0,SH_0,train
CHNCXR_0307_0,,IMG::CHNCXR_0307_0,SH_0,validation
CHNCXR_0308_0,,IMG::CHNCXR_0308_0,SH_0,train
CHNCXR_0309_0,,IMG::CHNCXR_0309_0,SH_0,train
CHNCXR_0310_0,,IMG::CHNCXR_0310_0,SH_0,train
CHNCXR_0311_0,,IMG::CHNCXR_0311_0,SH_0,validation
CHNCXR_0312_0,,IMG::CHNCXR_0312_0,SH_0,validation
CHNCXR_0313_0,,IMG::CHNCXR_0313_0,SH_0,train
CHNCXR_0314_0,,IMG::CHNCXR_0314_0,SH_0,train
CHNCXR_0315_0,,IMG::CHNCXR_0315_0,SH_0,validation
CHNCXR_0316_0,,IMG::CHNCXR_0316_0,SH_0,validation
CHNCXR_0317_0,,IMG::CHNCXR_0317_0,SH_0,train
CHNCXR_0318_0,,IMG::CHNCXR_0318_0,SH_0,train
CHNCXR_0319_0,,IMG::CHNCXR_0319_0,SH_0,train
CHNCXR_0320_0,,IMG::CHNCXR_0320_0,SH_0,validation
CHNCXR_0321_0,,IMG::CHNCXR_0321_0,SH_0,train
CHNCXR_0322_0,,IMG::CHNCXR_0322_0,SH_0,train
CHNCXR_0323_0,,IMG::CHNCXR_0323_0,SH_0,train
CHNCXR_0324_0,,IMG::CHNCXR_0324_0,SH_0,train
CHNCXR_0325_0,,IMG::CHNCXR_0325_0,SH_0,train
CHNCXR_0326_0,,IMG::CHNCXR_0326_0,SH_0,test
CHNCXR_0327_1,,IMG::CHNCXR_0327_1,SH_1,train
CHNCXR_0328_1,,IMG::CHNCXR_0328_1,SH_1,train
CHNCXR_0329_1,,IMG::CHNCXR_0329_1,SH_1,train
CHNCXR_0330_1,,IMG::CHNCXR_0330_1,SH_1,train
CHNCXR_0331_1,,IMG::CHNCXR_0331_1,SH_1,validation
CHNCXR_0332_1,,IMG::CHNCXR_0332_1,SH_1,train
CHNCXR_0333_1,,IMG::CHNCXR_0333_1,SH_1,validation
CHNCXR_0334_1,,IMG::CHNCXR_0334_1,SH_1,train
CHNCXR_0335_1,,IMG::CHNCXR_0335_1,SH_1,test
CHNCXR_0336_1,,IMG::CHNCXR_0336_1,SH_1,train
CHNCXR_0337_1,,IMG::CHNCXR_0337_1,SH_1,train
CHNCXR_0338_1,,IMG::CHNCXR_0338_1,SH_1,train
CHNCXR_0339_1,,IMG::CHNCXR_0339_1,SH_1,train
CHNCXR_0340_1,,IMG::CHNCXR_0340_1,SH_1,test
CHNCXR_0341_1,,IMG::CHNCXR_0341_1,SH_1,validation
CHNCXR_0342_1,,IMG::CHNCXR_0342_1,SH_1,train
CHNCXR_0343_1,,IMG::CHNCXR_0343_1,SH_1,train
CHNCXR_0344_1,,IMG::CHNCXR_0344_1,SH_1,train
CHNCXR_0345_1,,IMG::CHNCXR_0345_1,SH_1,validation
CHNCXR_0346_1,,IMG::CHNCXR_0346_1,SH_1,train
CHNCXR_0347_1,,IMG::CHNCXR_0347_1,SH_1,test
CHNCXR_0348_1,,IMG::CHNCXR_0348_1,SH_1,test
CHNCXR_0349_1,,IMG::CHNCXR_0349_1,SH_1,train
CHNCXR_0350_1,,IMG::CHNCXR_0350_1,SH_1,train
CHNCXR_0351_1,,IMG::CHNCXR_0351_1,SH_1,train
CHNCXR_0352_1,,IMG::CHNCXR_0352_1,SH_1,train
CHNCXR_0353_1,,IMG::CHNCXR_0353_1,SH_1,train
CHNCXR_0354_1,,IMG::CHNCXR_0354_1,SH_1,train
CHNCXR_0355_1,,IMG::CHNCXR_0355_1,SH_1,train
CHNCXR_0356_1,,IMG::CHNCXR_0356_1,SH_1,train
CHNCXR_0357_1,,IMG::CHNCXR_0357_1,SH_1,train
CHNCXR_0358_1,,IMG::CHNCXR_0358_1,SH_1,train
CHNCXR_0359_1,,IMG::CHNCXR_0359_1,SH_1,train
CHNCXR_0360_1,,IMG::CHNCXR_0360_1,SH_1,train
CHNCXR_0361_1,,IMG::CHNCXR_0361_1,SH_1,train
CHNCXR_0362_1,,IMG::CHNCXR_0362_1,SH_1,train
CHNCXR_0363_1,,IMG::CHNCXR_0363_1,SH_1,train
CHNCXR_0364_1,,IMG::CHNCXR_0364_1,SH_1,train
CHNCXR_0365_1,,IMG::CHNCXR_0365_1,SH_1,train
CHNCXR_0366_1,,IMG::CHNCXR_0366_1,SH_1,train
CHNCXR_0367_1,,IMG::CHNCXR_0367_1,SH_1,validation
CHNCXR_0368_1,,IMG::CHNCXR_0368_1,SH_1,train
CHNCXR_0369_1,,IMG::CHNCXR_0369_1,SH_1,validation
CHNCXR_0370_1,,IMG::CHNCXR_0370_1,SH_1,train
CHNCXR_0371_1,,IMG::CHNCXR_0371_1,SH_1,train
CHNCXR_0372_1,,IMG::CHNCXR_0372_1,SH_1,train
CHNCXR_0373_1,,IMG::CHNCXR_0373_1,SH_1,test
CHNCXR_0374_1,,IMG::CHNCXR_0374_1,SH_1,train
CHNCXR_0375_1,,IMG::CHNCXR_0375_1,SH_1,train
CHNCXR_0376_1,,IMG::CHNCXR_0376_1,SH_1,train
CHNCXR_0377_1,,IMG::CHNCXR_0377_1,SH_1,validation
CHNCXR_0378_1,,IMG::CHNCXR_0378_1,SH_1,train
CHNCXR_0379_1,,IMG::CHNCXR_0379_1,SH_1,validation
CHNCXR_0380_1,,IMG::CHNCXR_0380_1,SH_1,train
CHNCXR_0381_1,,IMG::CHNCXR_0381_1,SH_1,train
CHNCXR_0382_1,,IMG::CHNCXR_0382_1,SH_1,train
CHNCXR_0383_1,,IMG::CHNCXR_0383_1,SH_1,train
CHNCXR_0384_1,,IMG::CHNCXR_0384_1,SH_1,train
CHNCXR_0385_1,,IMG::CHNCXR_0385_1,SH_1,train
CHNCXR_0386_1,,IMG::CHNCXR_0386_1,SH_1,test
CHNCXR_0387_1,,IMG::CHNCXR_0387_1,SH_1,validation
CHNCXR_0388_1,,IMG::CHNCXR_0388_1,SH_1,train
CHNCXR_0389_1,,IMG::CHNCXR_0389_1,SH_1,train
CHNCXR_0390_1,,IMG::CHNCXR_0390_1,SH_1,test
CHNCXR_0391_1,,IMG::CHNCXR_0391_1,SH_1,validation
CHNCXR_0392_1,,IMG::CHNCXR_0392_1,SH_1,train
CHNCXR_0393_1,,IMG::CHNCXR_0393_1,SH_1,train
CHNCXR_0394_1,,IMG::CHNCXR_0394_1,SH_1,train
CHNCXR_0395_1,,IMG::CHNCXR_0395_1,SH_1,train
CHNCXR_0396_1,,IMG::CHNCXR_0396_1,SH_1,train
CHNCXR_0397_1,,IMG::CHNCXR_0397_1,SH_1,test
CHNCXR_0398_1,,IMG::CHNCXR_0398_1,SH_1,train
CHNCXR_0399_1,,IMG::CHNCXR_0399_1,SH_1,train
CHNCXR_0400_1,,IMG::CHNCXR_0400_1,SH_1,test
CHNCXR_0401_1,,IMG::CHNCXR_0401_1,SH_1,train
CHNCXR_0402_1,,IMG::CHNCXR_0402_1,SH_1,test
CHNCXR_0403_1,,IMG::CHNCXR_0403_1,SH_1,train
CHNCXR_0404_1,,IMG::CHNCXR_0404_1,SH_1,train
CHNCXR_0405_1,,IMG::CHNCXR_0405_1,SH_1,train
CHNCXR_0406_1,,IMG::CHNCXR_0406_1,SH_1,validation
CHNCXR_0407_1,,IMG::CHNCXR_0407_1,SH_1,train
CHNCXR_0408_1,,IMG::CHNCXR_0408_1,SH_1,train
CHNCXR_0409_1,,IMG::CHNCXR_0409_1,SH_1,validation
CHNCXR_0410_1,,IMG::CHNCXR_0410_1,SH_1,train
CHNCXR_0411_1,,IMG::CHNCXR_0411_1,SH_1,validation
CHNCXR_0412_1,,IMG::CHNCXR_0412_1,SH_1,train
CHNCXR_0413_1,,IMG::CHNCXR_0413_1,SH_1,train
CHNCXR_0414_1,,IMG::CHNCXR_0414_1,SH_1,train
CHNCXR_0415_1,,IMG::CHNCXR_0415_1,SH_1,train
CHNCXR_0416_1,,IMG::CHNCXR_0416_1,SH_1,validation
CHNCXR_0417_1,,IMG::CHNCXR_0417_1,SH_1,train
CHNCXR_0418_1,,IMG::CHNCXR_0418_1,SH_1,train
CHNCXR_0419_1,,IMG::CHNCXR_0419_1,SH_1,train
CHNCXR_0420_1,,IMG::CHNCXR_0420_1,SH_1,train
CHNCXR_0421_1,,IMG::CHNCXR_0421_1,SH_1,test
CHNCXR_0422_1,,IMG::CHNCXR_0422_1,SH_1,train
CHNCXR_0423_1,,IMG::CHNCXR_0423_1,SH_1,train
CHNCXR_0424_1,,IMG::CHNCXR_0424_1,SH_1,train
CHNCXR_0425_1,,IMG::CHNCXR_0425_1,SH_1,validation
CHNCXR_0426_1,,IMG::CHNCXR_0426_1,SH_1,validation
CHNCXR_0427_1,,IMG::CHNCXR_0427_1,SH_1,train
CHNCXR_0428_1,,IMG::CHNCXR_0428_1,SH_1,test
CHNCXR_0429_1,,IMG::CHNCXR_0429_1,SH_1,train
CHNCXR_0430_1,,IMG::CHNCXR_0430_1,SH_1,train
CHNCXR_0431_1,,IMG::CHNCXR_0431_1,SH_1,validation
CHNCXR_0432_1,,IMG::CHNCXR_0432_1,SH_1,train
CHNCXR_0433_1,,IMG::CHNCXR_0433_1,SH_1,train
CHNCXR_0434_1,,IMG::CHNCXR_0434_1,SH_1,train
CHNCXR_0435_1,,IMG::CHNCXR_0435_1,SH_1,train
CHNCXR_0436_1,,IMG::CHNCXR_0436_1,SH_1,train
CHNCXR_0437_1,,IMG::CHNCXR_0437_1,SH_1,test
CHNCXR_0438_1,,IMG::CHNCXR_0438_1,SH_1,train
CHNCXR_0439_1,,IMG::CHNCXR_0439_1,SH_1,train
CHNCXR_0440_1,,IMG::CHNCXR_0440_1,SH_1,train
CHNCXR_0441_1,,IMG::CHNCXR_0441_1,SH_1,train
CHNCXR_0442_1,,IMG::CHNCXR_0442_1,SH_1,train
CHNCXR_0443_1,,IMG::CHNCXR_0443_1,SH_1,train
CHNCXR_0444_1,,IMG::CHNCXR_0444_1,SH_1,train
CHNCXR_0445_1,,IMG::CHNCXR_0445_1,SH_1,test
CHNCXR_0446_1,,IMG::CHNCXR_0446_1,SH_1,train
CHNCXR_0447_1,,IMG::CHNCXR_0447_1,SH_1,train
CHNCXR_0448_1,,IMG::CHNCXR_0448_1,SH_1,train
CHNCXR_0449_1,,IMG::CHNCXR_0449_1,SH_1,train
CHNCXR_0450_1,,IMG::CHNCXR_0450_1,SH_1,train
CHNCXR_0451_1,,IMG::CHNCXR_0451_1,SH_1,validation
CHNCXR_0452_1,,IMG::CHNCXR_0452_1,SH_1,train
CHNCXR_0453_1,,IMG::CHNCXR_0453_1,SH_1,test
CHNCXR_0454_1,,IMG::CHNCXR_0454_1,SH_1,train
CHNCXR_0455_1,,IMG::CHNCXR_0455_1,SH_1,train
CHNCXR_0456_1,,IMG::CHNCXR_0456_1,SH_1,train
CHNCXR_0457_1,,IMG::CHNCXR_0457_1,SH_1,test
CHNCXR_0458_1,,IMG::CHNCXR_0458_1,SH_1,train
CHNCXR_0459_1,,IMG::CHNCXR_0459_1,SH_1,train
CHNCXR_0460_1,,IMG::CHNCXR_0460_1,SH_1,train
CHNCXR_0461_1,,IMG::CHNCXR_0461_1,SH_1,train
CHNCXR_0462_1,,IMG::CHNCXR_0462_1,SH_1,train
CHNCXR_0463_1,,IMG::CHNCXR_0463_1,SH_1,train
CHNCXR_0464_1,,IMG::CHNCXR_0464_1,SH_1,train
CHNCXR_0465_1,,IMG::CHNCXR_0465_1,SH_1,train
CHNCXR_0466_1,,IMG::CHNCXR_0466_1,SH_1,train
CHNCXR_0467_1,,IMG::CHNCXR_0467_1,SH_1,validation
CHNCXR_0468_1,,IMG::CHNCXR_0468_1,SH_1,train
CHNCXR_0469_1,,IMG::CHNCXR_0469_1,SH_1,test
CHNCXR_0470_1,,IMG::CHNCXR_0470_1,SH_1,train
CHNCXR_0471_1,,IMG::CHNCXR_0471_1,SH_1,validation
CHNCXR_0472_1,,IMG::CHNCXR_0472_1,SH_1,validation
CHNCXR_0473_1,,IMG::CHNCXR_0473_1,SH_1,train
CHNCXR_0474_1,,IMG::CHNCXR_0474_1,SH_1,test
CHNCXR_0475_1,,IMG::CHNCXR_0475_1,SH_1,train
CHNCXR_0476_1,,IMG::CHNCXR_0476_1,SH_1,train
CHNCXR_0477_1,,IMG::CHNCXR_0477_1,SH_1,train
CHNCXR_0478_1,,IMG::CHNCXR_0478_1,SH_1,train
CHNCXR_0479_1,,IMG::CHNCXR_0479_1,SH_1,train
CHNCXR_0480_1,,IMG::CHNCXR_0480_1,SH_1,validation
CHNCXR_0481_1,,IMG::CHNCXR_0481_1,SH_1,train
CHNCXR_0482_1,,IMG::CHNCXR_0482_1,SH_1,train
CHNCXR_0483_1,,IMG::CHNCXR_0483_1,SH_1,train
CHNCXR_0484_1,,IMG::CHNCXR_0484_1,SH_1,test
CHNCXR_0485_1,,IMG::CHNCXR_0485_1,SH_1,validation
CHNCXR_0486_1,,IMG::CHNCXR_0486_1,SH_1,test
CHNCXR_0487_1,,IMG::CHNCXR_0487_1,SH_1,train
CHNCXR_0488_1,,IMG::CHNCXR_0488_1,SH_1,train
CHNCXR_0489_1,,IMG::CHNCXR_0489_1,SH_1,train
CHNCXR_0490_1,,IMG::CHNCXR_0490_1,SH_1,validation
CHNCXR_0491_1,,IMG::CHNCXR_0491_1,SH_1,train
CHNCXR_0492_1,,IMG::CHNCXR_0492_1,SH_1,train
CHNCXR_0493_1,,IMG::CHNCXR_0493_1,SH_1,validation
CHNCXR_0494_1,,IMG::CHNCXR_0494_1,SH_1,train
CHNCXR_0495_1,,IMG::CHNCXR_0495_1,SH_1,train
CHNCXR_0496_1,,IMG::CHNCXR_0496_1,SH_1,train
CHNCXR_0497_1,,IMG::CHNCXR_0497_1,SH_1,validation
CHNCXR_0498_1,,IMG::CHNCXR_0498_1,SH_1,train
CHNCXR_0499_1,,IMG::CHNCXR_0499_1,SH_1,test
CHNCXR_0500_1,,IMG::CHNCXR_0500_1,SH_1,train
CHNCXR_0501_1,,IMG::CHNCXR_0501_1,SH_1,train
CHNCXR_0502_1,,IMG::CHNCXR_0502_1,SH_1,train
CHNCXR_0503_1,,IMG::CHNCXR_0503_1,SH_1,train
CHNCXR_0504_1,,IMG::CHNCXR_0504_1,SH_1,validation
CHNCXR_0505_1,,IMG::CHNCXR_0505_1,SH_1,train
CHNCXR_0506_1,,IMG::CHNCXR_0506_1,SH_1,train
CHNCXR_0507_1,,IMG::CHNCXR_0507_1,SH_1,train
CHNCXR_0508_1,,IMG::CHNCXR_0508_1,SH_1,train
CHNCXR_0509_1,,IMG::CHNCXR_0509_1,SH_1,train
CHNCXR_0510_1,,IMG::CHNCXR_0510_1,SH_1,test
CHNCXR_0511_1,,IMG::CHNCXR_0511_1,SH_1,train
CHNCXR_0512_1,,IMG::CHNCXR_0512_1,SH_1,train
CHNCXR_0513_1,,IMG::CHNCXR_0513_1,SH_1,train
CHNCXR_0514_1,,IMG::CHNCXR_0514_1,SH_1,train
CHNCXR_0515_1,,IMG::CHNCXR_0515_1,SH_1,train
CHNCXR_0516_1,,IMG::CHNCXR_0516_1,SH_1,train
CHNCXR_0517_1,,IMG::CHNCXR_0517_1,SH_1,test
CHNCXR_0518_1,,IMG::CHNCXR_0518_1,SH_1,validation
CHNCXR_0519_1,,IMG::CHNCXR_0519_1,SH_1,train
CHNCXR_0520_1,,IMG::CHNCXR_0520_1,SH_1,test
CHNCXR_0521_1,,IMG::CHNCXR_0521_1,SH_1,train
CHNCXR_0522_1,,IMG::CHNCXR_0522_1,SH_1,train
CHNCXR_0523_1,,IMG::CHNCXR_0523_1,SH_1,train
CHNCXR_0524_1,,IMG::CHNCXR_0524_1,SH_1,train
CHNCXR_0525_1,,IMG::CHNCXR_0525_1,SH_1,train
CHNCXR_0526_1,,IMG::CHNCXR_0526_1,SH_1,validation
CHNCXR_0527_1,,IMG::CHNCXR_0527_1,SH_1,train
CHNCXR_0528_1,,IMG::CHNCXR_0528_1,SH_1,test
CHNCXR_0529_1,,IMG::CHNCXR_0529_1,SH_1,test
CHNCXR_0530_1,,IMG::CHNCXR_0530_1,SH_1,validation
CHNCXR_0531_1,,IMG::CHNCXR_0531_1,SH_1,test
CHNCXR_0532_1,,IMG::CHNCXR_0532_1,SH_1,train
CHNCXR_0533_1,,IMG::CHNCXR_0533_1,SH_1,validation
CHNCXR_0534_1,,IMG::CHNCXR_0534_1,SH_1,test
CHNCXR_0535_1,,IMG::CHNCXR_0535_1,SH_1,test
CHNCXR_0536_1,,IMG::CHNCXR_0536_1,SH_1,train
CHNCXR_0537_1,,IMG::CHNCXR_0537_1,SH_1,validation
CHNCXR_0538_1,,IMG::CHNCXR_0538_1,SH_1,train
CHNCXR_0539_1,,IMG::CHNCXR_0539_1,SH_1,validation
CHNCXR_0540_1,,IMG::CHNCXR_0540_1,SH_1,test
CHNCXR_0541_1,,IMG::CHNCXR_0541_1,SH_1,test
CHNCXR_0542_1,,IMG::CHNCXR_0542_1,SH_1,train
CHNCXR_0543_1,,IMG::CHNCXR_0543_1,SH_1,train
CHNCXR_0544_1,,IMG::CHNCXR_0544_1,SH_1,test
CHNCXR_0545_1,,IMG::CHNCXR_0545_1,SH_1,train
CHNCXR_0546_1,,IMG::CHNCXR_0546_1,SH_1,train
CHNCXR_0547_1,,IMG::CHNCXR_0547_1,SH_1,train
CHNCXR_0548_1,,IMG::CHNCXR_0548_1,SH_1,train
CHNCXR_0549_1,,IMG::CHNCXR_0549_1,SH_1,train
CHNCXR_0550_1,,IMG::CHNCXR_0550_1,SH_1,train
CHNCXR_0551_1,,IMG::CHNCXR_0551_1,SH_1,train
CHNCXR_0552_1,,IMG::CHNCXR_0552_1,SH_1,train
CHNCXR_0553_1,,IMG::CHNCXR_0553_1,SH_1,test
CHNCXR_0554_1,,IMG::CHNCXR_0554_1,SH_1,test
CHNCXR_0555_1,,IMG::CHNCXR_0555_1,SH_1,train
CHNCXR_0556_1,,IMG::CHNCXR_0556_1,SH_1,train
CHNCXR_0557_1,,IMG::CHNCXR_0557_1,SH_1,validation
CHNCXR_0558_1,,IMG::CHNCXR_0558_1,SH_1,train
CHNCXR_0559_1,,IMG::CHNCXR_0559_1,SH_1,train
CHNCXR_0560_1,,IMG::CHNCXR_0560_1,SH_1,test
CHNCXR_0561_1,,IMG::CHNCXR_0561_1,SH_1,train
CHNCXR_0562_1,,IMG::CHNCXR_0562_1,SH_1,train
CHNCXR_0563_1,,IMG::CHNCXR_0563_1,SH_1,train
CHNCXR_0564_1,,IMG::CHNCXR_0564_1,SH_1,train
CHNCXR_0565_1,,IMG::CHNCXR_0565_1,SH_1,train
CHNCXR_0566_1,,IMG::CHNCXR_0566_1,SH_1,validation
CHNCXR_0567_1,,IMG::CHNCXR_0567_1,SH_1,validation
CHNCXR_0568_1,,IMG::CHNCXR_0568_1,SH_1,train
CHNCXR_0569_1,,IMG::CHNCXR_0569_1,SH_1,train
CHNCXR_0570_1,,IMG::CHNCXR_0570_1,SH_1,test
CHNCXR_0571_1,,IMG::CHNCXR_0571_1,SH_1,test
CHNCXR_0572_1,,IMG::CHNCXR_0572_1,SH_1,train
CHNCXR_0573_1,,IMG::CHNCXR_0573_1,SH_1,train
CHNCXR_0574_1,,IMG::CHNCXR_0574_1,SH_1,validation
CHNCXR_0575_1,,IMG::CHNCXR_0575_1,SH_1,train
CHNCXR_0576_1,,IMG::CHNCXR_0576_1,SH_1,validation
CHNCXR_0577_1,,IMG::CHNCXR_0577_1,SH_1,train
CHNCXR_0578_1,,IMG::CHNCXR_0578_1,SH_1,train
CHNCXR_0579_1,,IMG::CHNCXR_0579_1,SH_1,test
CHNCXR_0580_1,,IMG::CHNCXR_0580_1,SH_1,train
CHNCXR_0581_1,,IMG::CHNCXR_0581_1,SH_1,test
CHNCXR_0582_1,,IMG::CHNCXR_0582_1,SH_1,train
CHNCXR_0583_1,,IMG::CHNCXR_0583_1,SH_1,train
CHNCXR_0584_1,,IMG::CHNCXR_0584_1,SH_1,train
CHNCXR_0585_1,,IMG::CHNCXR_0585_1,SH_1,train
CHNCXR_0586_1,,IMG::CHNCXR_0586_1,SH_1,train
CHNCXR_0587_1,,IMG::CHNCXR_0587_1,SH_1,train
CHNCXR_0588_1,,IMG::CHNCXR_0588_1,SH_1,train
CHNCXR_0589_1,,IMG::CHNCXR_0589_1,SH_1,train
CHNCXR_0590_1,,IMG::CHNCXR_0590_1,SH_1,train
CHNCXR_0591_1,,IMG::CHNCXR_0591_1,SH_1,test
CHNCXR_0592_1,,IMG::CHNCXR_0592_1,SH_1,validation
CHNCXR_0593_1,,IMG::CHNCXR_0593_1,SH_1,validation
CHNCXR_0594_1,,IMG::CHNCXR_0594_1,SH_1,train
CHNCXR_0595_1,,IMG::CHNCXR_0595_1,SH_1,train
CHNCXR_0596_1,,IMG::CHNCXR_0596_1,SH_1,train
CHNCXR_0597_1,,IMG::CHNCXR_0597_1,SH_1,validation
CHNCXR_0598_1,,IMG::CHNCXR_0598_1,SH_1,train
CHNCXR_0599_1,,IMG::CHNCXR_0599_1,SH_1,train
CHNCXR_0600_1,,IMG::CHNCXR_0600_1,SH_1,train
CHNCXR_0601_1,,IMG::CHNCXR_0601_1,SH_1,train
CHNCXR_0602_1,,IMG::CHNCXR_0602_1,SH_1,train
CHNCXR_0603_1,,IMG::CHNCXR_0603_1,SH_1,test
CHNCXR_0604_1,,IMG::CHNCXR_0604_1,SH_1,train
CHNCXR_0605_1,,IMG::CHNCXR_0605_1,SH_1,test
CHNCXR_0606_1,,IMG::CHNCXR_0606_1,SH_1,validation
CHNCXR_0607_1,,IMG::CHNCXR_0607_1,SH_1,train
CHNCXR_0608_1,,IMG::CHNCXR_0608_1,SH_1,train
CHNCXR_0609_1,,IMG::CHNCXR_0609_1,SH_1,validation
CHNCXR_0610_1,,IMG::CHNCXR_0610_1,SH_1,test
CHNCXR_0611_1,,IMG::CHNCXR_0611_1,SH_1,train
CHNCXR_0612_1,,IMG::CHNCXR_0612_1,SH_1,train
CHNCXR_0613_1,,IMG::CHNCXR_0613_1,SH_1,train
CHNCXR_0614_1,,IMG::CHNCXR_0614_1,SH_1,validation
CHNCXR_0615_1,,IMG::CHNCXR_0615_1,SH_1,test
CHNCXR_0616_1,,IMG::CHNCXR_0616_1,SH_1,train
CHNCXR_0617_1,,IMG::CHNCXR_0617_1,SH_1,train
CHNCXR_0618_1,,IMG::CHNCXR_0618_1,SH_1,train
CHNCXR_0619_1,,IMG::CHNCXR_0619_1,SH_1,test
CHNCXR_0620_1,,IMG::CHNCXR_0620_1,SH_1,test
CHNCXR_0621_1,,IMG::CHNCXR_0621_1,SH_1,train
CHNCXR_0622_1,,IMG::CHNCXR_0622_1,SH_1,train
CHNCXR_0623_1,,IMG::CHNCXR_0623_1,SH_1,test
CHNCXR_0624_1,,IMG::CHNCXR_0624_1,SH_1,train
CHNCXR_0625_1,,IMG::CHNCXR_0625_1,SH_1,train
CHNCXR_0626_1,,IMG::CHNCXR_0626_1,SH_1,validation
CHNCXR_0627_1,,IMG::CHNCXR_0627_1,SH_1,train
CHNCXR_0628_1,,IMG::CHNCXR_0628_1,SH_1,train
CHNCXR_0629_1,,IMG::CHNCXR_0629_1,SH_1,validation
CHNCXR_0630_1,,IMG::CHNCXR_0630_1,SH_1,train
CHNCXR_0631_1,,IMG::CHNCXR_0631_1,SH_1,train
CHNCXR_0632_1,,IMG::CHNCXR_0632_1,SH_1,validation
CHNCXR_0633_1,,IMG::CHNCXR_0633_1,SH_1,train
CHNCXR_0634_1,,IMG::CHNCXR_0634_1,SH_1,train
CHNCXR_0635_1,,IMG::CHNCXR_0635_1,SH_1,train
CHNCXR_0636_1,,IMG::CHNCXR_0636_1,SH_1,validation
CHNCXR_0637_1,,IMG::CHNCXR_0637_1,SH_1,train
CHNCXR_0638_1,,IMG::CHNCXR_0638_1,SH_1,train
CHNCXR_0639_1,,IMG::CHNCXR_0639_1,SH_1,train
CHNCXR_0640_1,,IMG::CHNCXR_0640_1,SH_1,train
CHNCXR_0641_1,,IMG::CHNCXR_0641_1,SH_1,train
CHNCXR_0642_1,,IMG::CHNCXR_0642_1,SH_1,test
CHNCXR_0643_1,,IMG::CHNCXR_0643_1,SH_1,train
CHNCXR_0644_1,,IMG::CHNCXR_0644_1,SH_1,validation
CHNCXR_0645_1,,IMG::CHNCXR_0645_1,SH_1,train
CHNCXR_0646_1,,IMG::CHNCXR_0646_1,SH_1,train
CHNCXR_0647_1,,IMG::CHNCXR_0647_1,SH_1,train
CHNCXR_0648_1,,IMG::CHNCXR_0648_1,SH_1,train
CHNCXR_0649_1,,IMG::CHNCXR_0649_1,SH_1,test
CHNCXR_0650_1,,IMG::CHNCXR_0650_1,SH_1,train
CHNCXR_0651_1,,IMG::CHNCXR_0651_1,SH_1,train
CHNCXR_0652_1,,IMG::CHNCXR_0652_1,SH_1,train
CHNCXR_0653_1,,IMG::CHNCXR_0653_1,SH_1,train
CHNCXR_0654_1,,IMG::CHNCXR_0654_1,SH_1,train
CHNCXR_0655_1,,IMG::CHNCXR_0655_1,SH_1,train
CHNCXR_0656_1,,IMG::CHNCXR_0656_1,SH_1,train
CHNCXR_0657_1,,IMG::CHNCXR_0657_1,SH_1,test
CHNCXR_0658_1,,IMG::CHNCXR_0658_1,SH_1,train
CHNCXR_0659_1,,IMG::CHNCXR_0659_1,SH_1,train
CHNCXR_0660_1,,IMG::CHNCXR_0660_1,SH_1,train
CHNCXR_0661_1,,IMG::CHNCXR_0661_1,SH_1,train
CHNCXR_0662_1,,IMG::CHNCXR_0662_1,SH_1,validation
MCUCXR_0001_0,,IMG::MCUCXR_0001_0,MC_0,train
MCUCXR_0002_0,,IMG::MCUCXR_0002_0,MC_0,train
MCUCXR_0003_0,,IMG::MCUCXR_0003_0,MC_0,test
MCUCXR_0004_0,,IMG::MCUCXR_0004_0,MC_0,validation
MCUCXR_0005_0,,IMG::MCUCXR_0005_0,MC_0,train
MCUCXR_0006_0,,IMG::MCUCXR_0006_0,MC_0,train
MCUCXR_0008_0,,IMG::MCUCXR_0008_0,MC_0,train
MCUCXR_0011_0,,IMG::MCUCXR_0011_0,MC_0,test
MCUCXR_0013_0,,IMG::MCUCXR_0013_0,MC_0,test
MCUCXR_0015_0,,IMG::MCUCXR_0015_0,MC_0,train
MCUCXR_0016_0,,IMG::MCUCXR_0016_0,MC_0,validation
MCUCXR_0017_0,,IMG::MCUCXR_0017_0,MC_0,train
MCUCXR_0019_0,,IMG::MCUCXR_0019_0,MC_0,train
MCUCXR_0020_0,,IMG::MCUCXR_0020_0,MC_0,validation
MCUCXR_0021_0,,IMG::MCUCXR_0021_0,MC_0,train
MCUCXR_0022_0,,IMG::MCUCXR_0022_0,MC_0,train
MCUCXR_0023_0,,IMG::MCUCXR_0023_0,MC_0,train
MCUCXR_0024_0,,IMG::MCUCXR_0024_0,MC_0,train
MCUCXR_0026_0,,IMG::MCUCXR_0026_0,MC_0,train
MCUCXR_0027_0,,IMG::MCUCXR_0027_0,MC_0,validation
MCUCXR_0028_0,,IMG::MCUCXR_0028_0,MC_0,train
MCUCXR_0029_0,,IMG::MCUCXR_0029_0,MC_0,train
MCUCXR_0030_0,,IMG::MCUCXR_0030_0,MC_0,validation
MCUCXR_0031_0,,IMG::MCUCXR_0031_0,MC_0,train
MCUCXR_0035_0,,IMG::MCUCXR_0035_0,MC_0,validation
MCUCXR_0038_0,,IMG::MCUCXR_0038_0,MC_0,test
MCUCXR_0040_0,,IMG::MCUCXR_0040_0,MC_0,train
MCUCXR_0041_0,,IMG::MCUCXR_0041_0,MC_0,test
MCUCXR_0042_0,,IMG::MCUCXR_0042_0,MC_0,train
MCUCXR_0043_0,,IMG::MCUCXR_0043_0,MC_0,train
MCUCXR_0044_0,,IMG::MCUCXR_0044_0,MC_0,train
MCUCXR_0045_0,,IMG::MCUCXR_0045_0,MC_0,train
MCUCXR_0046_0,,IMG::MCUCXR_0046_0,MC_0,train
MCUCXR_0047_0,,IMG::MCUCXR_0047_0,MC_0,train
MCUCXR_0048_0,,IMG::MCUCXR_0048_0,MC_0,train
MCUCXR_0049_0,,IMG::MCUCXR_0049_0,MC_0,validation
MCUCXR_0051_0,,IMG::MCUCXR_0051_0,MC_0,validation
MCUCXR_0052_0,,IMG::MCUCXR_0052_0,MC_0,train
MCUCXR_0053_0,,IMG::MCUCXR_0053_0,MC_0,train
MCUCXR_0054_0,,IMG::MCUCXR_0054_0,MC_0,train
MCUCXR_0055_0,,IMG::MCUCXR_0055_0,MC_0,train
MCUCXR_0056_0,,IMG::MCUCXR_0056_0,MC_0,train
MCUCXR_0057_0,,IMG::MCUCXR_0057_0,MC_0,train
MCUCXR_0058_0,,IMG::MCUCXR_0058_0,MC_0,train
MCUCXR_0059_0,,IMG::MCUCXR_0059_0,MC_0,train
MCUCXR_0060_0,,IMG::MCUCXR_0060_0,MC_0,train
MCUCXR_0061_0,,IMG::MCUCXR_0061_0,MC_0,test
MCUCXR_0062_0,,IMG::MCUCXR_0062_0,MC_0,train
MCUCXR_0063_0,,IMG::MCUCXR_0063_0,MC_0,test
MCUCXR_0064_0,,IMG::MCUCXR_0064_0,MC_0,train
MCUCXR_0068_0,,IMG::MCUCXR_0068_0,MC_0,train
MCUCXR_0069_0,,IMG::MCUCXR_0069_0,MC_0,validation
MCUCXR_0070_0,,IMG::MCUCXR_0070_0,MC_0,train
MCUCXR_0071_0,,IMG::MCUCXR_0071_0,MC_0,train
MCUCXR_0072_0,,IMG::MCUCXR_0072_0,MC_0,train
MCUCXR_0074_0,,IMG::MCUCXR_0074_0,MC_0,train
MCUCXR_0075_0,,IMG::MCUCXR_0075_0,MC_0,validation
MCUCXR_0077_0,,IMG::MCUCXR_0077_0,MC_0,train
MCUCXR_0079_0,,IMG::MCUCXR_0079_0,MC_0,train
MCUCXR_0080_0,,IMG::MCUCXR_0080_0,MC_0,train
MCUCXR_0081_0,,IMG::MCUCXR_0081_0,MC_0,train
MCUCXR_0082_0,,IMG::MCUCXR_0082_0,MC_0,train
MCUCXR_0083_0,,IMG::MCUCXR_0083_0,MC_0,test
MCUCXR_0084_0,,IMG::MCUCXR_0084_0,MC_0,validation
MCUCXR_0085_0,,IMG::MCUCXR_0085_0,MC_0,validation
MCUCXR_0086_0,,IMG::MCUCXR_0086_0,MC_0,train
MCUCXR_0087_0,,IMG::MCUCXR_0087_0,MC_0,train
MCUCXR_0089_0,,IMG::MCUCXR_0089_0,MC_0,train
MCUCXR_0090_0,,IMG::MCUCXR_0090_0,MC_0,train
MCUCXR_0091_0,,IMG::MCUCXR_0091_0,MC_0,test
MCUCXR_0092_0,,IMG::MCUCXR_0092_0,MC_0,train
MCUCXR_0094_0,,IMG::MCUCXR_0094_0,MC_0,train
MCUCXR_0095_0,,IMG::MCUCXR_0095_0,MC_0,train
MCUCXR_0096_0,,IMG::MCUCXR_0096_0,MC_0,train
MCUCXR_0097_0,,IMG::MCUCXR_0097_0,MC_0,train
MCUCXR_0099_0,,IMG::MCUCXR_0099_0,MC_0,test
MCUCXR_0100_0,,IMG::MCUCXR_0100_0,MC_0,train
MCUCXR_0101_0,,IMG::MCUCXR_0101_0,MC_0,test
MCUCXR_0102_0,,IMG::MCUCXR_0102_0,MC_0,train
MCUCXR_0103_0,,IMG::MCUCXR_0103_0,MC_0,test
MCUCXR_0104_1,,IMG::MCUCXR_0104_1,MC_1,train
MCUCXR_0108_1,,IMG::MCUCXR_0108_1,MC_1,train
MCUCXR_0113_1,MC_SUBJ_001,MC_SUBJ_001,MC_1,train
MCUCXR_0117_1,MC_SUBJ_001,MC_SUBJ_001,MC_1,train
MCUCXR_0126_1,,IMG::MCUCXR_0126_1,MC_1,train
MCUCXR_0140_1,,IMG::MCUCXR_0140_1,MC_1,validation
MCUCXR_0141_1,,IMG::MCUCXR_0141_1,MC_1,train
MCUCXR_0142_1,,IMG::MCUCXR_0142_1,MC_1,train
MCUCXR_0144_1,,IMG::MCUCXR_0144_1,MC_1,train
MCUCXR_0150_1,,IMG::MCUCXR_0150_1,MC_1,train
MCUCXR_0162_1,MC_SUBJ_002,MC_SUBJ_002,MC_1,train
MCUCXR_0166_1,MC_SUBJ_002,MC_SUBJ_002,MC_1,train
MCUCXR_0170_1,MC_SUBJ_002,MC_SUBJ_002,MC_1,train
MCUCXR_0173_1,,IMG::MCUCXR_0173_1,MC_1,train
MCUCXR_0182_1,,IMG::MCUCXR_0182_1,MC_1,test
MCUCXR_0188_1,,IMG::MCUCXR_0188_1,MC_1,train
MCUCXR_0194_1,,IMG::MCUCXR_0194_1,MC_1,train
MCUCXR_0195_1,,IMG::MCUCXR_0195_1,MC_1,train
MCUCXR_0196_1,,IMG::MCUCXR_0196_1,MC_1,validation
MCUCXR_0203_1,,IMG::MCUCXR_0203_1,MC_1,train
MCUCXR_0213_1,,IMG::MCUCXR_0213_1,MC_1,train
MCUCXR_0218_1,,IMG::MCUCXR_0218_1,MC_1,train
MCUCXR_0223_1,,IMG::MCUCXR_0223_1,MC_1,test
MCUCXR_0228_1,,IMG::MCUCXR_0228_1,MC_1,train
MCUCXR_0243_1,,IMG::MCUCXR_0243_1,MC_1,validation
MCUCXR_0251_1,,IMG::MCUCXR_0251_1,MC_1,train
MCUCXR_0253_1,,IMG::MCUCXR_0253_1,MC_1,train
MCUCXR_0254_1,,IMG::MCUCXR_0254_1,MC_1,train
MCUCXR_0255_1,,IMG::MCUCXR_0255_1,MC_1,validation
MCUCXR_0258_1,,IMG::MCUCXR_0258_1,MC_1,validation
MCUCXR_0264_1,,IMG::MCUCXR_0264_1,MC_1,validation
MCUCXR_0266_1,,IMG::MCUCXR_0266_1,MC_1,train
MCUCXR_0275_1,,IMG::MCUCXR_0275_1,MC_1,test
MCUCXR_0282_1,,IMG::MCUCXR_0282_1,MC_1,train
MCUCXR_0289_1,,IMG::MCUCXR_0289_1,MC_1,test
MCUCXR_0294_1,,IMG::MCUCXR_0294_1,MC_1,train
MCUCXR_0301_1,,IMG::MCUCXR_0301_1,MC_1,validation
MCUCXR_0309_1,,IMG::MCUCXR_0309_1,MC_1,test
MCUCXR_0311_1,,IMG::MCUCXR_0311_1,MC_1,train
MCUCXR_0313_1,,IMG::MCUCXR_0313_1,MC_1,train
MCUCXR_0316_1,,IMG::MCUCXR_0316_1,MC_1,train
MCUCXR_0331_1,,IMG::MCUCXR_0331_1,MC_1,train
MCUCXR_0334_1,,IMG::MCUCXR_0334_1,MC_1,train
MCUCXR_0338_1,,IMG::MCUCXR_0338_1,MC_1,validation
MCUCXR_0348_1,,IMG::MCUCXR_0348_1,MC_1,train
MCUCXR_0350_1,,IMG::MCUCXR_0350_1,MC_1,train
MCUCXR_0352_1,,IMG::MCUCXR_0352_1,MC_1,train
MCUCXR_0354_1,,IMG::MCUCXR_0354_1,MC_1,test
MCUCXR_0362_1,,IMG::MCUCXR_0362_1,MC_1,train
MCUCXR_0367_1,,IMG::MCUCXR_0367_1,MC_1,train
MCUCXR_0369_1,,IMG::MCUCXR_0369_1,MC_1,train
MCUCXR_0372_1,,IMG::MCUCXR_0372_1,MC_1,test
MCUCXR_0375_1,,IMG::MCUCXR_0375_1,MC_1,test
MCUCXR_0383_1,,IMG::MCUCXR_0383_1,MC_1,train
MCUCXR_0387_1,,IMG::MCUCXR_0387_1,MC_1,train
MCUCXR_0390_1,,IMG::MCUCXR_0390_1,MC_1,train
MCUCXR_0393_1,,IMG::MCUCXR_0393_1,MC_1,train
MCUCXR_0399_1,,IMG::MCUCXR_0399_1,MC_1,train
